path,load_fraction,origin,E11,E22,2E12,S11_Pa,S22_Pa,S12_Pa,sigma11_Pa,sigma22_Pa,sigma12_Pa,sigma33_Pa,von_mises_Pa,energy_J_per_m3
axial_x_extension,0.0,analytic_reference,0.0,0.0,0.0,0.0,0.0,0.0,0.0,0.0,0.0,0.0,0.0,0.0
axial_x_extension,0.25,saved_FOM,0.025,0.0,0.0,33034434.528835192,15407968.99025139,-618715.3110991282,33850222.419829,15036638.061575068,-618715.3110991282,19315104.194226947,17114653.699428834,421435.84658516635
axial_x_extension,0.5,saved_FOM,0.05,0.0,0.0,62250111.75020881,29823328.589992244,-1161353.3767112526,65288468.00319972,28435428.097336102,-1161353.3767112526,36580372.58988158,33591173.419096224,1619909.6692997194
axial_x_extension,0.75,saved_FOM,0.07500000000000001,0.0,0.0,88145819.25364476,43298718.8910095,-1639135.0985913367,94525860.32235117,40376263.556512065,-1639135.0985913367,52017100.98796329,49451001.65510281,3506290.8593614167
axial_x_extension,1.0,saved_FOM,0.1,0.0,0.0,111165153.1053591,55903092.89606314,-2061595.9550436733,121775323.92864129,51032308.35580098,-2061595.9550436733,65834287.31063159,64724699.60728668,6003247.230541948
axial_y_extension,0.0,analytic_reference,0.0,0.0,0.0,0.0,0.0,0.0,0.0,0.0,0.0,0.0,0.0,0.0
axial_y_extension,0.25,saved_FOM,0.0,0.025,0.0,15381607.276990911,33088886.63520146,-544369.5691375013,15010911.663681118,33906019.22513279,-544369.5691375013,19326480.80346538,17175421.344391823,422455.69735654135
axial_y_extension,0.5,saved_FOM,0.0,0.05,0.0,29732627.4258774,62227546.410711676,-1029263.0642591324,28348947.930551574,65264801.275473155,-1029263.0642591324,36534861.226648144,33627036.40388739,1621544.9925207968
axial_y_extension,0.75,saved_FOM,0.0,0.07500000000000001,0.0,43120197.022400774,87961388.51580967,-1464403.1587799366,40209791.05565838,94328080.39005986,-1464403.1587799366,51870188.74317679,49397841.74172091,3505479.839938142
axial_y_extension,1.0,saved_FOM,0.0,0.1,0.0,55621865.76259911,110763752.29361215,-1856918.0339962526,50775584.281166375,121335611.37025191,-1856918.0339962526,65556479.85156276,64533683.75183828,5995204.3729359
axial_x_compression,0.0,analytic_reference,0.0,0.0,0.0,0.0,0.0,0.0,0.0,0.0,0.0,0.0,0.0,0.0
axial_x_compression,0.25,saved_FOM,-0.01,0.0,0.0,-14402405.54035322,-6446055.243056512,271621.22380550817,-14257654.07217545,-6511499.106097655,271621.22380550817,-8349088.158498744,7026146.524788246,71417.10642803862
axial_x_compression,0.5,saved_FOM,-0.02,0.0,0.0,-29535751.820891093,-13051486.83621612,558345.4660780142,-28939008.452264924,-13320617.972242108,558345.4660780142,-17073397.461353697,14154163.64934602,290484.7340474071
axial_x_compression,0.75,saved_FOM,-0.03,0.0,0.0,-45432965.90709121,-19811098.167270154,861081.1477170683,-44048894.738097765,-20433587.561441083,861081.1477170683,-26183465.49884816,21381839.908007104,664678.6948714836
axial_x_compression,1.0,saved_FOM,-0.04,0.0,0.0,-62123956.99516597,-26715749.565161083,1180745.0400194195,-59587206.26206814,-27853094.333375566,1180745.0400194195,-35686954.72114231,28705489.068247203,1201790.5520875508
axial_y_compression,0.0,analytic_reference,0.0,0.0,0.0,0.0,0.0,0.0,0.0,0.0,0.0,0.0,0.0,0.0
axial_y_compression,0.25,saved_FOM,0.0,-0.01,0.0,-6451465.257264414,-14476909.12586051,237388.94733497984,-6516964.04571583,-14331408.858924335,237388.94733497984,-8380966.6804011855,7081169.986472696,71759.47476529576
axial_y_compression,0.5,saved_FOM,0.0,-0.02,0.0,-13074960.195005583,-29724842.027829364,487744.09489251336,-13344575.368735217,-29124278.26120734,487744.09489251336,-17157973.36344914,14285671.954085818,292108.1980498578
axial_y_compression,0.75,saved_FOM,0.0,-0.03,0.0,-19868693.649029147,-45785889.37974659,752607.9357294346,-20492992.76501582,-44391066.74001795,752607.9357294346,-26346391.82308898,21614682.802841555,668966.7313182217
axial_y_compression,1.0,saved_FOM,0.0,-0.04,0.0,-26828055.763866276,-62701776.34424836,1033940.8397137476,-27970181.63946552,-60141431.11189002,1033940.8397137476,-35960156.95404991,29068687.792893533,1210675.6354682473
positive_green_shear,0.0,analytic_reference,0.0,0.0,0.0,0.0,0.0,0.0,0.0,0.0,0.0,0.0,0.0,0.0
positive_green_shear,0.25,saved_FOM,0.0,0.0,0.02,-701100.4644719957,-636445.9277627327,5878836.302925644,-583634.0107903102,-518979.47408104717,5866634.283216098,-484902.55184014974,10161679.886336997,58748.09301383859
positive_green_shear,0.5,saved_FOM,0.0,0.0,0.04,-1747679.9041939462,-1621127.3779039655,11788250.85758474,-1277121.3346892693,-1150568.8083992887,11730262.678775812,-1146769.2808764884,20317817.263608035,235357.32693748354
positive_green_shear,0.75,saved_FOM,0.0,0.0,0.06,-3140768.6320651732,-2955052.778493048,17741004.603366446,-2079888.2352147093,-1894172.381642584,17589820.18429775,-1985774.1156350793,30466886.806982867,530567.0939752812
positive_green_shear,1.0,saved_FOM,0.0,0.0,0.08,-4881182.328238157,-4639083.433924091,23749681.927203767,-2990404.448363724,-2748305.5540496586,23444012.555890456,-3001682.034612561,40606977.768752865,945370.3969008222
negative_green_shear,0.0,analytic_reference,0.0,0.0,0.0,0.0,0.0,0.0,0.0,0.0,0.0,0.0,0.0,0.0
negative_green_shear,0.25,saved_FOM,0.0,0.0,-0.02,356760.32812312956,289273.4964087674,-5861109.61420028,474070.5946511996,406583.76293683745,-5868743.818607677,308455.6471618379,10165985.834169434,58629.91141302934
negative_green_shear,0.5,saved_FOM,0.0,0.0,-0.04,370368.81403935276,232445.00120485428,-11717361.382884774,839680.0907295152,701756.2778950167,-11738812.468592668,441289.8164642712,20335238.990518726,234412.01000670771
negative_green_shear,0.75,saved_FOM,0.0,0.0,-0.06,42047.164637495924,-169412.978087925,-17581574.354438517,1098730.6384876703,887270.4957622497,-17609479.021094058,399629.2170625171,30506833.337567195,527377.4671567613
negative_green_shear,1.0,saved_FOM,0.0,0.0,-0.08,-626924.3787027701,-915190.1238784569,-23466451.098838978,1253948.8207524174,965683.0755767308,-23480023.196927078,184922.43846216946,40679874.86268698,937812.7842703293
combined_x,0.0,analytic_reference,0.0,0.0,0.0,0.0,0.0,0.0,0.0,0.0,0.0,0.0,0.0,0.0
combined_x,0.25,saved_FOM,0.02,-0.00625,0.01,22655682.10533113,3400543.3826366733,2456566.9535736004,23275342.3118112,3338158.7987881014,2586480.246969533,10492608.868227331,18058446.734500147,231987.5669168891
combined_x,0.5,saved_FOM,0.04,-0.0125,0.02,43093355.68807182,6237469.627013253,4741421.146521615,45454357.5984871,6021198.358433926,5232330.32347297,20001139.074674796,35794851.63389807,898673.585908176
combined_x,0.75,saved_FOM,0.06,-0.018750000000000003,0.03,61560181.38781396,8519347.989115117,6875859.210300504,66629145.86217393,8103235.193129175,7920635.833223537,28613434.837929178,53233277.307548486,1960104.3485276604
combined_x,1.0,saved_FOM,0.08,-0.025,0.04,78275877.03035286,10258071.789082171,8879801.732807498,86889527.54499118,9636321.551272025,10638925.685654825,36411228.33748373,70399334.51059853,3381134.5944806924
combined_y,0.0,analytic_reference,0.0,0.0,0.0,0.0,0.0,0.0,0.0,0.0,0.0,0.0,0.0,0.0
combined_y,0.25,saved_FOM,-0.00625,0.02,-0.01,3887617.581037452,23181973.073939614,-3100743.17036083,3819078.4370397707,23821906.624854077,-3235690.3503440963,10899520.702492435,18439794.038599465,239231.14040669336
combined_y,0.5,saved_FOM,-0.0125,0.04,-0.02,7135022.167764326,44006104.44138752,-5961892.779795712,6897351.404475687,46439579.00389083,-6470682.365660845,20730502.347362943,36517932.805181645,925523.9608032607
combined_y,0.75,saved_FOM,-0.018750000000000003,0.06,-0.03,9765068.741980834,62751593.773275174,-8613704.923083479,9306852.299138315,67967031.65413353,-9694400.984740788,29598153.28649473,54262384.8887423,2016264.404277979
combined_y,1.0,saved_FOM,-0.025,0.08,-0.04,11800474.20019684,79661977.99318713,-11083472.26409988,11112938.731754838,88510579.12183625,-12899879.234974379,37597257.52373849,71702236.72118132,3474203.6796236555
